herb,drug,label,mechanism,evidence,confidence,pmid,citation,finding,verification
Piper nigrum,propranolol,1,PK,human_crossover_pk,high,1815977,"Bano G et al. Eur J Clin Pharmacol 1991;41:615-617 (DOI 10.1007/BF00314996)","Piperine 20 mg x7 d: earlier tmax, higher Cmax and AUC of propranolol (n=6)",abstract read via Europe PMC 2026-10-02
Piper nigrum,theophylline,1,PK,human_crossover_pk,high,1815977,"Bano G et al. Eur J Clin Pharmacol 1991;41:615-617 (DOI 10.1007/BF00314996)","Piperine: higher Cmax, longer half-life, higher AUC of theophylline (n=6)",abstract read via Europe PMC 2026-10-02
Piper nigrum,phenytoin,1,PK,human_patient_pk,high,16767797,"Pattanaik S et al. Phytother Res 2006;20:683-686 (DOI 10.1002/ptr.1937)","Single dose piperine 20 mg raised steady-state phenytoin AUC and Cmax in epilepsy patients (n=20)",abstract read via Europe PMC 2026-10-02
Piper nigrum,carbamazepine,1,PK,human_patient_pk,high,19283724,"Pattanaik S et al. Phytother Res 2009;23:1281-1286 (DOI 10.1002/ptr.2676)","Piperine 20 mg raised steady-state carbamazepine AUC and half-life in epilepsy patients (n=10 per dose group)",abstract read via Europe PMC 2026-10-02
Commiphora wightii,propranolol,1,PK,human_crossover_pk,medium,7852226,"Dalvi SS et al. J Assoc Physicians India 1994;42:454-455","Gugulipid 1 g significantly reduced Cmax and AUC(0-8h) of propranolol (n=10)",abstract read via Europe PMC 2026-10-02
Commiphora wightii,diltiazem,1,PK,human_crossover_pk,medium,7852226,"Dalvi SS et al. J Assoc Physicians India 1994;42:454-455","Gugulipid 1 g significantly reduced Cmax and AUC(0-8h) of diltiazem (n=7)",abstract read via Europe PMC 2026-10-02
Zingiber officinale,warfarin,0,none,human_crossover_pk,high,15801937,"Jiang X et al. Br J Clin Pharmacol 2005;59:425-432 (DOI 10.1111/j.1365-2125.2005.02322.x)","Ginger did not affect warfarin PK/PD, clotting status or CYP2C9 activity (n=12 healthy)",abstract read via Europe PMC 2026-10-02
Allium sativum,warfarin,0,none,human_crossover_pk,medium,18516070,"Mohammed Abdul MI et al. Br J Pharmacol 2008;154:1691-1700 (DOI 10.1038/bjp.2008.210)","Garlic did not significantly alter warfarin PK or PD (n=12 healthy); the study notes possible VKORC1-genotype-dependent effects",abstract read via Europe PMC 2026-10-02
Trigonella foenum-graecum,warfarin,1,unclear,case_report,low,11310527,"Lambert JP & Cormier J. Pharmacotherapy 2001;21:509-512 (DOI 10.1592/phco.21.5.509.34492)","Single patient: INR rose on boldo+fenugreek, normalised after stopping, recurred on rechallenge. Confounded: boldo and fenugreek taken together",abstract read via Europe PMC 2026-10-02
Glycyrrhiza glabra,hydrochlorothiazide,1,PD,review,medium,34604277,"Licorice-induced pseudoaldosteronism narrative review, Front Nutr 2021 (PMC8484325)","Review states concomitant potassium-losing diuretics (thiazide, loop) raise hypokalemia risk with licorice; mechanism is pharmacodynamic (11beta-HSD2 inhibition), not CYP",full-text passage read via Europe PMC 2026-10-02
Glycyrrhiza glabra,furosemide,1,PD,review,medium,34604277,"Licorice-induced pseudoaldosteronism narrative review, Front Nutr 2021 (PMC8484325)","Same review: loop diuretics named among medications that worsen licorice hypokalemia (pharmacodynamic)",full-text passage read via Europe PMC 2026-10-02
Curcuma longa,tacrolimus,1,PK,review,low,36297591,"Controversial interactions of tacrolimus with dietary supplements, herbs and food. Pharmaceutics 2022 (PMC9611668)","Review: turmeric can raise tacrolimus levels (suspected intestinal CYP3A4/P-gp inhibition); evidence is case-level, not a controlled trial",full-text passage read via Europe PMC 2026-10-02
